id,name,category,image
0,"Redmi 10 Power (Power Black, 8GB RAM, 128GB Storage)","tv, audio & cameras",https://m.media-amazon.com/images/I/81eM15lVcJL._AC_UL320_.jpg
1,"OnePlus Nord CE 2 Lite 5G (Blue Tide, 6GB RAM, 128GB Storage)","tv, audio & cameras",https://m.media-amazon.com/images/I/71AvQd3VzqL._AC_UL320_.jpg
2,"OnePlus Bullets Z2 Bluetooth Wireless in Ear Earphones with Mic, Bombastic Bass - 12.4 Mm Drivers, 10 Mins Charge - 20 Hrs...","tv, audio & cameras",https://m.media-amazon.com/images/I/51UhwaQXCpL._AC_UL320_.jpg
3,"Samsung Galaxy M33 5G (Mystique Green, 6GB, 128GB Storage) | 6000mAh Battery | Upto 12GB RAM with RAM Plus | Travel Adapte...","tv, audio & cameras",https://m.media-amazon.com/images/I/81I3w4J6yjL._AC_UL320_.jpg
4,"OnePlus Nord CE 2 Lite 5G (Black Dusk, 6GB RAM, 128GB Storage)","tv, audio & cameras",https://m.media-amazon.com/images/I/71V--WZVUIL._AC_UL320_.jpg
5,"Redmi 10 Power (Sporty Orange, 8GB RAM, 128GB Storage)","tv, audio & cameras",https://m.media-amazon.com/images/I/81OZGH4fZiL._AC_UL320_.jpg
6,"boAt Airdopes 141 Bluetooth Truly Wireless in Ear Earbuds with mic, 42H Playtime, Beast Mode(Low Latency Upto 80ms) for Ga...","tv, audio & cameras",https://m.media-amazon.com/images/I/51HBom8xz7L._AC_UL320_.jpg
7,"Apple 20W USB-C Power Adapter (for iPhone, iPad & AirPods)","tv, audio & cameras",https://m.media-amazon.com/images/I/61vtLhO6fDL._AC_UL320_.jpg
8,"Fire-Boltt Ninja Call Pro Plus 1.83"" Smart Watch with Bluetooth Calling, AI Voice Assistance, 100 Sports Modes IP67 Ratin...","tv, audio & cameras",https://m.media-amazon.com/images/I/61S9aVnRZDL._AC_UL320_.jpg
9,"Samsung Galaxy M33 5G (Emerald Brown, 6GB, 128GB Storage) | 6000mAh Battery | Upto 12GB RAM with RAM Plus | Travel Adapter...","tv, audio & cameras",https://m.media-amazon.com/images/I/81lnKynSaqL._AC_UL320_.jpg
10,"realme narzo 50A Prime (Flash Black, 4GB RAM+64GB Storage) Full High Definition+ Display |50MP AI Triple Camera| Charger I...","tv, audio & cameras",https://m.media-amazon.com/images/I/81IPrkMDqVL._AC_UL320_.jpg
11,"Redmi A1 (Light Blue, 2GB RAM, 32GB Storage) | Segment Best AI Dual Cam | 5000mAh Battery | Leather Texture Design | Andro...","tv, audio & cameras",https://m.media-amazon.com/images/I/81UT07JsBqL._AC_UL320_.jpg
12,"OnePlus Nord CE 2 Lite 5G (Blue Tide, 8GB RAM, 128GB Storage)","tv, audio & cameras",https://m.media-amazon.com/images/I/71AvQd3VzqL._AC_UL320_.jpg
13,"boAt Airdopes Atom 81 True Wireless in Ear Earbuds with Upto 50H Playtime, Quad Mics ENx Tech, 13MM Drivers, Beast Mode(50...","tv, audio & cameras",https://m.media-amazon.com/images/I/51NKpc-CnBL._AC_UL320_.jpg
14,"boAt Airdopes 141 Bluetooth Truly Wireless in Ear Earbuds with 42H Playtime, Beast Mode(Low Latency Upto 80ms) for Gaming,...","tv, audio & cameras",https://m.media-amazon.com/images/I/51tFAbNRaPL._AC_UL320_.jpg
15,boAt BassHeads 100 in-Ear Wired Headphones with Mic (Black),"tv, audio & cameras",https://m.media-amazon.com/images/I/719elVA3FvL._AC_UL320_.jpg
16,"boAt Rockerz 330 Bluetooth Wireless in Ear Earphones with mic, Upto 30 Hours Playtime, ASAP Charge, Signature Sound, Dual ...","tv, audio & cameras",https://m.media-amazon.com/images/I/514sHd2+YyS._AC_UL320_.jpg
17,Lapster 5-in-1 Multi-Function Laptop Cleaning Brush/Keyboard Cleaning kit/Gadget Cleaning kit Gap Duster Key-Cap Puller fo...,"tv, audio & cameras",https://m.media-amazon.com/images/I/51+UotA4ExL._AC_UL320_.jpg
18,"boAt Wave Call Smart Watch, Smart Talk with Advanced Dedicated Bluetooth Calling Chip, 1.69 HD Display with 550 NITS & 70%...","tv, audio & cameras",https://m.media-amazon.com/images/I/614AipEWSIL._AC_UL320_.jpg
19,"boAt Airdopes 121v2 in-Ear True Wireless Earbuds with Upto 14 Hours Playback, 8MM Drivers, Battery Indicators, Lightweight...","tv, audio & cameras",https://m.media-amazon.com/images/I/510+wjzq-vL._AC_UL320_.jpg
20,"Redmi A1 (Black, 2GB RAM, 32GB Storage) | Segment Best AI Dual Cam | 5000mAh Battery | Leather Texture Design | Android 12","tv, audio & cameras",https://m.media-amazon.com/images/I/81BxHYjeA2L._AC_UL320_.jpg
21,"Redmi 10A (Charcoal Black, 4GB RAM, 64GB Storage) | 2 Ghz Octa Core Helio G25 | 5000 mAh Battery | Finger Print Sensor | U...","tv, audio & cameras",https://m.media-amazon.com/images/I/71293gyogZL._AC_UL320_.jpg
22,"OnePlus 11R 5G (Galactic Silver, 16GB RAM, 256GB Storage)","tv, audio & cameras",https://m.media-amazon.com/images/I/613SAOPmLeL._AC_UL320_.jpg
23,"OnePlus Nord 2T 5G (Jade Fog, 8GB RAM, 128GB Storage)","tv, audio & cameras",https://m.media-amazon.com/images/I/61ahn9N38zL._AC_UL320_.jpg
24,"OnePlus Nord Buds True Wireless in Ear Earbuds with Mic, 12.4mm Titanium Drivers, Playback:Up to 30hr case, 4-Mic Design +...","tv, audio & cameras",https://m.media-amazon.com/images/I/514NPRZ1AQL._AC_UL320_.jpg
25,"Pigeon by Stovekraft Amaze Plus Electric Kettle (14289) with Stainless Steel Body, 1.5 litre, used for boiling Water, maki...",appliances,https://m.media-amazon.com/images/W/IMAGERENDERING_521856-T1/images/I/51DGcy8eBCL._AC_UL320_.jpg
26,Pigeon Polypropylene Mini Handy and Compact Chopper with 3 Blades for Effortlessly Chopping Vegetables and Fruits for Your...,appliances,https://m.media-amazon.com/images/W/IMAGERENDERING_521856-T1/images/I/51RXzjrUmkL._AC_UL320_.jpg
27,Glun Multipurpose Portable Electronic Digital Weighing Scale Weight Machine (10 Kg - with Back Light),appliances,https://m.media-amazon.com/images/W/IMAGERENDERING_521856-T1/images/I/61ocesEh0cL._AC_UL320_.jpg
28,beatXP Kitchen Scale Multipurpose Portable Electronic Digital Weighing Scale | Weight Machine With Back light LCD Display...,appliances,https://m.media-amazon.com/images/W/IMAGERENDERING_521856-T1/images/I/61Is7sICRJL._AC_UL320_.jpg
29,"Bajaj DX-6 1000W Dry Iron with Advance Soleplate and Anti-bacterial German Coating Technology, White",appliances,https://m.media-amazon.com/images/W/IMAGERENDERING_521856-T1/images/I/61qgKaW71mL._AC_UL320_.jpg
30,Bajaj Frore 1200 mm Ceiling Fan (Brown),appliances,https://m.media-amazon.com/images/W/IMAGERENDERING_521856-T1/images/I/41XJ2wk4M1L._AC_UL320_.jpg
31,Kuber Industries Nylon Mesh Laundry Basket|Sturdy Material & Durable Handles|Netted Lightweight Laundry Bag (Assorted),appliances,https://m.media-amazon.com/images/W/IMAGERENDERING_521856-T1/images/I/31hmQqq7KsL._AC_UL320_.jpg
32,"Prestige Electric Kettle PKOSS - 1500watts, Steel (1.5Ltr), Black",appliances,https://m.media-amazon.com/images/W/IMAGERENDERING_521856-T1/images/I/71zlLSHbJ-L._AC_UL320_.jpg
33,"NutriPro Juicer Mixer Grinder - Smoothie Maker - 500 Watts (3 Jar, Silver)",appliances,https://m.media-amazon.com/images/W/IMAGERENDERING_521856-T1/images/I/7152-mn8mKL._AC_UL320_.jpg
34,Philips GC1905 1440-Watt Steam Iron with Spray (Blue),appliances,https://m.media-amazon.com/images/W/IMAGERENDERING_521856-T1/images/I/71SxUzhnLvL._AC_UL320_.jpg
35,"Lifelong LLMG23 Power Pro 500-Watt Mixer Grinder with 3 Jars (Liquidizing, Wet Grinding and Chutney Jar), Stainless Steel ...",appliances,https://m.media-amazon.com/images/W/IMAGERENDERING_521856-T1/images/I/61zhqJg1bTL._AC_UL320_.jpg
36,"Bajaj PX 97 Torque New 36L Personal Air Cooler for home with DuraMarine Pump (2-Yr Warranty), Turbo Fan Technology, Powerf...",appliances,https://m.media-amazon.com/images/W/IMAGERENDERING_521856-T1/images/I/71mdr95IHcL._AC_UL320_.jpg
37,"Bajaj Rex 500W Mixer Grinder with Nutri-Pro Feature, 3 Jars, White",appliances,https://m.media-amazon.com/images/W/IMAGERENDERING_521856-T1/images/I/51Ck4wmBbSL._AC_UL320_.jpg
38,USHA Armor AR1100WB 1100 W Dry Iron with Black Weilburger Soleplate (Purple),appliances,https://m.media-amazon.com/images/W/IMAGERENDERING_521856-T1/images/I/71q7meZ82qL._AC_UL320_.jpg
39,Philips Viva Collection HD4928/01 2100-Watt Induction Cooktop with Feather Touch Sensor and Crystal Glass Plate (Black),appliances,https://m.media-amazon.com/images/W/IMAGERENDERING_521856-T1/images/I/61x0Qnm08HS._AC_UL320_.jpg
40,"PrettyKrafts Laundry Basket for clothes with Lid & Handles, Toys Organiser, 75 Ltr Black & Grey",appliances,https://m.media-amazon.com/images/W/IMAGERENDERING_521856-T1/images/I/71LX24shyGL._AC_UL320_.jpg
41,Butterfly EKN 1.5-Litre Electric Kettle (Silver with Black),appliances,https://m.media-amazon.com/images/W/IMAGERENDERING_521856-T1/images/I/71cFxsy+BCL._AC_UL320_.jpg
42,Pigeon by Stovekraft Cruise 1800 watt Induction Cooktop (Black),appliances,https://m.media-amazon.com/images/W/IMAGERENDERING_521856-T1/images/I/61DAkNxj9uL._AC_UL320_.jpg
43,"Pigeon Healthifry Digital Air Fryer, 360° High Speed Air Circulation Technology 1200 W with Non-Stick 4.2 L Basket - Green",appliances,https://m.media-amazon.com/images/W/IMAGERENDERING_521856-T1/images/I/61mfMId4dkL._AC_UL320_.jpg
44,"Bajaj Majesty DX-11 1000W Dry Iron with Advance Soleplate and Anti-bacterial German Coating Technology, White and Blue",appliances,https://m.media-amazon.com/images/W/IMAGERENDERING_521856-T1/images/I/810Yr09Ji9L._AC_UL320_.jpg
45,"BAJAJ PYGMY MINI 110 MM 10 W HIGH SPEED OPERATION, USB CHARGING, MULTI-CLIP FUNCTION PERSONAL FAN",appliances,https://m.media-amazon.com/images/W/IMAGERENDERING_521856-T1/images/I/816lZp-8R2L._AC_UL320_.jpg
46,"Pigeon Kessel Multipurpose Kettle (12173) 1.2 litres with Stainless Steel Body, used for boiling Water and milk, Tea, Coff...",appliances,https://m.media-amazon.com/images/W/IMAGERENDERING_521856-T1/images/I/51Y21By5TzL._AC_UL320_.jpg
47,"AGARO Regal 800 Watts Handheld Vacuum Cleaner, Lightweight & Durable Body, Small/Mini Size ( Black)",appliances,https://m.media-amazon.com/images/W/IMAGERENDERING_521856-T1/images/I/71WKo+bybtL._AC_UL320_.jpg
48,Prestige PIC 20 1600 Watt Induction Cooktop with Push button (Black),appliances,https://m.media-amazon.com/images/W/IMAGERENDERING_521856-T1/images/I/81od9GbumhL._AC_UL320_.jpg
49,atomberg Renesa 1200mm BLDC Motor 5 Star Rated Ceiling Fans for Home with Remote Control | Upto 65% Energy Saving High Spe...,appliances,https://m.media-amazon.com/images/W/IMAGERENDERING_521856-T2/images/I/61mhVkkWM-L._AC_UL320_.jpg
50,"dclub Nipple Covers Reusable Comfortable & Natural Invisible Adhesive Silicone Pasties for Women, Round (Skin)",women's clothing,https://m.media-amazon.com/images/W/IMAGERENDERING_521856-T1/images/I/51M087p7ktL._AC_UL320_.jpg
51,"YIFELY double sided tape for clothes tape for clothes Double Sided Tape for Fashion, Clothing and Body (36 Strip Pack) | A...",women's clothing,https://m.media-amazon.com/images/W/IMAGERENDERING_521856-T1/images/I/51J8Ph-rUVL._AC_UL320_.jpg
52,Jockey Women's Bikini,women's clothing,https://m.media-amazon.com/images/W/IMAGERENDERING_521856-T1/images/I/81hWgsH56wL._AC_UL320_.jpg
53,Jockey Women Cotton Hipster Brief(Pack of 3),women's clothing,https://m.media-amazon.com/images/W/IMAGERENDERING_521856-T1/images/I/81Nu+DmgfpL._AC_UL320_.jpg
54,"Izaan Mart Women's Retro Driving Rectangular Sunglasses Black Frame, Black Lens (Medium) Set of 1",women's clothing,https://m.media-amazon.com/images/W/IMAGERENDERING_521856-T1/images/I/51-a2L6DsIS._AC_UL320_.jpg
55,GLAMORAS Women Camisole (Glcamisecret_Black-White-Beige_Free Size),women's clothing,https://m.media-amazon.com/images/W/IMAGERENDERING_521856-T1/images/I/517vKSMkKvL._AC_UL320_.jpg
56,Pasties for Women 4 Pairs Nipple Covers Reusable Adhesive Silicone Covers,women's clothing,https://m.media-amazon.com/images/W/IMAGERENDERING_521856-T1/images/I/713aSudWVSL._AC_UL320_.jpg
57,"Sichumaria Buckle Free Elastic Belt for Women Jeans/Dresses,Sichumaria Ladies Belt for Jeans,Adjustable Belt for Women Jea...",women's clothing,https://m.media-amazon.com/images/W/IMAGERENDERING_521856-T1/images/I/513oJvlKM4L._AC_UL320_.jpg
58,"Sanfe Flix Breast Roll -Breast Shaper & Lifter, Breathable Breast Support Boobtape, 5-meter Breast Lift Tape for Backless,...",women's clothing,https://m.media-amazon.com/images/W/IMAGERENDERING_521856-T1/images/I/71mwLH2XTFL._AC_UL320_.jpg
59,LEOTUDE Women's Cottonblend Half Sleeve Oversized T-Shirts (Color: Orange),women's clothing,https://m.media-amazon.com/images/W/IMAGERENDERING_521856-T1/images/I/61iKv6-unXL._AC_UL320_.jpg
60,SHOPPY VILLA WITH SV LOGO Women Camisole (Comi-Secret_Multicolour_Free Size),women's clothing,https://m.media-amazon.com/images/W/IMAGERENDERING_521856-T1/images/I/61+aEr8p4mL._AC_UL320_.jpg
61,Rushwak Boob Tape with 10 Nipple Pasties & 36 Fashion Tape Multipurpose Body Tape for Women Push Up & Lifting Breast Tape ...,women's clothing,https://m.media-amazon.com/images/W/IMAGERENDERING_521856-T1/images/I/71-0VVomB-L._AC_UL320_.jpg
62,ANNI DESIGNER Women's Cotton Blend Printed Straight Kurta with Pant (Pustak Blue),women's clothing,https://m.media-amazon.com/images/W/IMAGERENDERING_521856-T1/images/I/61q-JREtrAL._AC_UL320_.jpg
63,"Sanfe Flix Cotton Nipple Covers, 10 Breathable Nipple Pasties, No Show Bra for Women, Skin Friendly, Disposable (Cotton Ni...",women's clothing,https://m.media-amazon.com/images/W/IMAGERENDERING_521856-T1/images/I/71oPhfJd4sL._AC_UL320_.jpg
64,Gopalvilla Women's Spandex & Nylon Waist Shapwear(SFH007_FIT to : 30 to 36),women's clothing,https://m.media-amazon.com/images/W/IMAGERENDERING_521856-T1/images/I/51JnxNVzdaL._AC_UL320_.jpg
65,FIMS - Fashion is my style Bra Hook Extender-2 Hook - 3 Eye (with Extra Elastic) Save Your Bra Increase Band Length-Bra Ex...,women's clothing,https://m.media-amazon.com/images/W/IMAGERENDERING_521856-T1/images/I/81v-vugaIUL._AC_UL320_.jpg
66,Van Heusen Women Antibacterial Cotton Hipster Panty - Pack of 3,women's clothing,https://m.media-amazon.com/images/W/IMAGERENDERING_521856-T1/images/I/61R5WKn6lAL._AC_UL320_.jpg
67,Vaamsi Women's Cotton Blend Printed Kurta Set with Dupatta (VKSKD1238_Blue),women's clothing,https://m.media-amazon.com/images/W/IMAGERENDERING_521856-T1/images/I/81rTa+xpERL._AC_UL320_.jpg
68,FIMALIA Women's Cotton Clip-on Mock Lace Camisole Cami Secret (Free Size) - Set of 3,women's clothing,https://m.media-amazon.com/images/W/IMAGERENDERING_521856-T1/images/I/61Hqt5RGQ+L._AC_UL320_.jpg
69,SIRIL Women's Printed Poly Silk Saree with Blouse,women's clothing,https://m.media-amazon.com/images/W/IMAGERENDERING_521856-T1/images/I/71AYPbuBrhL._AC_UL320_.jpg
70,Glamoras Women's Cotton Spandex Multipurpose Breast Lift Booby Tape,women's clothing,https://m.media-amazon.com/images/W/IMAGERENDERING_521856-T1/images/I/41bAPrGxTCL._AC_UL320_.jpg
71,XL Boob Tape Breast Lift Tape for Contour Lift & Fashion | Boobytape Athletic Tape for Breasts | Body Tape for Lift & Push...,women's clothing,https://m.media-amazon.com/images/W/IMAGERENDERING_521856-T1/images/I/71o7HeYYbML._AC_UL320_.jpg
72,IFLASH Rectangle Sunglasses for Women Retro Fashion Sunglasses UV 400 Protection Square Frame Eyewear,women's clothing,https://m.media-amazon.com/images/W/IMAGERENDERING_521856-T1/images/I/51dOu+j2-yL._AC_UL320_.jpg
73,SIDEWOK Women's Vegan Leather Belt (Pack of 2),women's clothing,https://m.media-amazon.com/images/W/IMAGERENDERING_521856-T1/images/I/51IbWwSp4eL._AC_UL320_.jpg
74,FIORRA Women's Maroon Poly Crepe A-line Kurta with Pant and Dupatta,women's clothing,https://m.media-amazon.com/images/W/IMAGERENDERING_521856-T1/images/I/81271aov+AL._AC_UL320_.jpg
75,"Nutraj 100% Natural Dried Premium California Walnut Kernels, 500g (2 X 250g) | Pure Without Shell Walnut Kernels | Akhrot ...",grocery & gourmet foods,https://m.media-amazon.com/images/I/71f5UPOWDqL._AC_UL320_.jpg
76,"Cadbury Bournvita 5 Star Magic Health Drink, 750g Pouch",grocery & gourmet foods,https://m.media-amazon.com/images/I/614FIW5c6HL._AC_UL320_.jpg
77,Sugar Free Green Natural Stevia Jar(200 g),grocery & gourmet foods,https://m.media-amazon.com/images/I/61rBhkTJ6EL._AC_UL320_.jpg
78,"Daawat Pulav, Long Grains, Fluffy Basmati for finest Pulav, 1 Kg",grocery & gourmet foods,https://m.media-amazon.com/images/I/71UO6eXC1QL._AC_UL320_.jpg
79,Tata Tea Gold | Assam teas with Gently Rolled Aromatic Long Leaves | Rich & Aromatic Chai | Black Tea | 500g,grocery & gourmet foods,https://m.media-amazon.com/images/I/51kEujuYlpL._AC_UL320_.jpg
80,"Wagh Bakri Premium Leaf Tea, Poly Pack, 500g",grocery & gourmet foods,https://m.media-amazon.com/images/I/61kTHO+UX9L._AC_UL320_.jpg
81,"Dabur Vedic Tea - 500gm | Handpicked from Assam, Nilgiri & Darjeeling | Soulful Aroma & Rich Taste | 30+ Ayurvedic Herbs |...",grocery & gourmet foods,https://m.media-amazon.com/images/I/61DMPchFPLL._AC_UL320_.jpg
82,"Nescafe Classic Coffee Jar, 200 g with Free Red Mug and Scoop Spoon",grocery & gourmet foods,https://m.media-amazon.com/images/I/71ehfHfPCzL._AC_UL320_.jpg
83,BLUE TEA - Chamomile Flower Tea | Pure Whole Flower Buds of Chamomile || SLEEP TEA & STRESS RELIEF || Herbal Tea - Caffein...,grocery & gourmet foods,https://m.media-amazon.com/images/I/71qVgLGta9L._AC_UL320_.jpg
84,"Organic Tattva, Organic Wheat Dalia / Daliya, 500g",grocery & gourmet foods,https://m.media-amazon.com/images/I/71a5llM7MBL._AC_UL320_.jpg
85,"Mccain Chilli Garlic Potato Bites, 420 g Regular Pack",grocery & gourmet foods,https://m.media-amazon.com/images/I/816voyD8jiL._AC_UL320_.jpg
86,"Saffola Honey Gold, 100% Pure NMR Tested Honey, Made with Kashmir Honey, 1Kg",grocery & gourmet foods,https://m.media-amazon.com/images/I/61pVnleyBgL._AC_UL320_.jpg
87,"Red Label Natural Care Tea, Chai Made With 5 Ayurvedic Herbs, 1 Kg",grocery & gourmet foods,https://m.media-amazon.com/images/I/615F-HVtwEL._AC_UL320_.jpg
88,Kellogg's Chocos Variety Pack 168g | Breakfast Cereal for Kids,grocery & gourmet foods,https://m.media-amazon.com/images/I/71stDXSgbHL._AC_UL320_.jpg
89,"Dabur Amla Juice: Rich Source of Vitamin C and Antioxidants for Immunity boosting |Pure, Natural and 100% Ayurvedic Juice -1L",grocery & gourmet foods,https://m.media-amazon.com/images/I/71Dtf-ydPYL._AC_UL320_.jpg
90,"Catch Red Chilli Powder, 100g",grocery & gourmet foods,https://m.media-amazon.com/images/I/71qMRn40n9L._AC_UL320_.jpg
91,"Pedigree Dentastix Oral Care Dog Treat for Adult Large Breed (25 Kg+), Monthly Pack (28 Sticks) 1.08 Kg",grocery & gourmet foods,https://m.media-amazon.com/images/I/61oEmtyEMmL._AC_UL320_.jpg
92,"Fresh Baby Orange Nagpur, 1kg",grocery & gourmet foods,https://m.media-amazon.com/images/I/71O-5pKLmzL._AC_UL320_.jpg
93,"Britannia Milk Bikis Biscuits, 170.5g or 190.5g",grocery & gourmet foods,https://m.media-amazon.com/images/I/81kgnSr+3KL._AC_UL320_.jpg
94,"Nescafé Classic Instant Ground Coffee, 200g Stabilo, Bag",grocery & gourmet foods,https://m.media-amazon.com/images/I/71zjeDcWWXL._AC_UL320_.jpg
95,"Mother Dairy Pure Healthy Ghee, 1L",grocery & gourmet foods,https://m.media-amazon.com/images/I/91idhnLyJqL._AC_UL320_.jpg
96,"Cadbury Dairy Milk Crispello Chocolate Bar, 35 g",grocery & gourmet foods,https://m.media-amazon.com/images/I/615qkjsgv8L._AC_UL320_.jpg
97,"TE-A-ME Purify Green Tea, 100 Tea Bags | Green tea bags 100 pcs | Green Tea | Green Tea 100 Tea Bag Pack",grocery & gourmet foods,https://m.media-amazon.com/images/I/71fNICQ+fJL._AC_UL320_.jpg
98,"Hershey's Chocolate Syrup, 200g",grocery & gourmet foods,https://m.media-amazon.com/images/I/71Wh7SUgUIL._AC_UL320_.jpg
99,"Parle Monaco Classic, 400g",grocery & gourmet foods,https://m.media-amazon.com/images/I/7127Vty6kZL._AC_UL320_.jpg
100,"Aqualogica Glow+ Dewy Sunscreen SPF 50 PA+++ For UVA/B & Blue Light Protection, for Glowing & Well Protected Skin, Cream, 50G",stores,https://m.media-amazon.com/images/I/51TSC6UogxL._AC_UL320_.jpg
101,MARVIK Soft Silicone Adjustable Band Strap Compatible for Oneplus Smart Band & Oppo Smart Band,stores,https://m.media-amazon.com/images/I/51vYDop04SL._AC_UL320_.jpg
102,108 Panchatantra Stories for Children (Illustrated) - Story Book for Kids - Moral Stories - Bedtime Stories - 3 Years to 1...,stores,https://m.media-amazon.com/images/I/81VJ+MAc7YL._AC_UL320_.jpg
103,Black and White and Blue: Adult Cinema From the Victorian Age to the VCR,stores,https://m.media-amazon.com/images/I/51RIhaW3t1L._AC_UL320_.jpg
104,SAFARI 15 Ltrs Sea Blue Casual/School/College Backpack (DAYPACKNEO15CBSEB),stores,https://m.media-amazon.com/images/I/61kmCas5OCL._AC_UL320_.jpg
105,"The Derma Co 1% Hyaluronic Sunscreen Aqua Ultra Light Gel with SPF 50 PA++++ For Broad Spectrum, UV A, UV B & Blue Light P...",stores,https://m.media-amazon.com/images/I/51x3cj+-iUL._AC_UL320_.jpg
106,"Noise ColorFit Pulse Grand Smart Watch with 1.69""(4.29cm) HD Display, 60 Sports Modes, 150 Watch Faces, Fast Charge, Spo2,...",stores,https://m.media-amazon.com/images/I/61Q0R5cdxWL._AC_UL320_.jpg
107,New Fastrack Reflex Beat+ 1.69” UltraVU Display|500 Nits Brightness|60 Sports Modes|24*7 Heart Rate Monitor|SpO2 Monitor|S...,stores,https://m.media-amazon.com/images/I/71E-b8o-1hL._AC_UL320_.jpg
108,"Soundproof Earmuffs, Anti-Noise Earmuffs Lightweight Compact Adjustment Foldable for Worker for for Shooter(Green)",stores,https://m.media-amazon.com/images/I/51qHSeg28PS._AC_UL320_.jpg
109,"ZORBES® Dust Cover for SONY PS5 Console, Dust Proof Cover Protective Case Anti Scratch Waterproof Case for Sony PlayStatio...",stores,https://m.media-amazon.com/images/I/41YdhN7LJ+L._AC_UL320_.jpg
110,Phonic Reader (Illustrated) (Set of 6 Books) - Story Book for Kids - Bedtime Stories - 2 Years to 6 Years Old - Read Aloud...,stores,https://m.media-amazon.com/images/I/914BVlcXuAL._AC_UL320_.jpg
111,Brado Jewellery Multi Wearing Heart Necklace 4 Heart Magnetic Rose Gold Necklace Pendant Heart Toggle Necklace Diamond Wom...,stores,https://m.media-amazon.com/images/I/51R3cy1wVmL._AC_UL320_.jpg
112,Skybags Brat Black 46 Cms Casual Backpack,stores,https://m.media-amazon.com/images/I/810s53kR8tL._AC_UL320_.jpg
113,Amazon Brand - Solimo 3 Ply Toilet Paper/Tissue Roll - 12 Rolls (160 Pulls Per Roll),stores,https://m.media-amazon.com/images/I/71m-Gpu0spL._AC_UL320_.jpg
114,NAPA HIDE Tan Crunch Leather Wallet for Men,stores,https://m.media-amazon.com/images/I/713Ny9d0LLL._AC_UL320_.jpg
115,"Polyester Bag, Lightweight Backpack Bag Handbag Home Storage Tool for Birthdays(AA801)",stores,https://m.media-amazon.com/images/I/61P2DTCtSEL._AC_UL320_.jpg
116,Philips GC1905 1440-Watt Steam Iron with Spray (Blue),stores,https://m.media-amazon.com/images/I/71SxUzhnLvL._AC_UL320_.jpg
117,TIMEWEAR Analog Day Date Functioning Stainless Steel Chain Watch for Men,stores,https://m.media-amazon.com/images/I/81nj6IlZpVL._AC_UL320_.jpg
118,"Jumbo Colouring Book - Activity Colouring Book for 3 to 5 years old kids - Gift to children for painting, drawing and colo...",stores,https://m.media-amazon.com/images/I/71XWX3Kz0QL._AC_UL320_.jpg
119,"Cetaphil Face Wash Gentle Skin Cleanser for Dry to Normal, Sensitive Skin, 125 ml Hydrating Face Wash with Niacinamide, Vi...",stores,https://m.media-amazon.com/images/I/71t9JRry+3L._AC_UL320_.jpg
120,Boldfit Weight Machine For Luggage Weighing Scale For Luggage Capable Upto 50 Kg Weight Luggage Weight Machine Weighing Ma...,stores,https://m.media-amazon.com/images/I/61en24Ik00L._AC_UL320_.jpg
121,"Silvr Bear Luxury Satin Scrunchies for Women/Girls SAME 5 COLORS AS PIC | Anti-Hair-Breakage, Hair Ties, Scrunchies Set fo...",stores,https://m.media-amazon.com/images/I/81VHXwsLHHL._AC_UL320_.jpg
122,INOVERA (LABEL) Women Handbag,stores,https://m.media-amazon.com/images/I/71Raw8VUk5L._AC_UL320_.jpg
123,GTA 5 (FULL PC GAME) - (No Online Multiplayer/No ACTIVATION* Code) -EMAIL DELIVERY IN 2 HRS ‎ ‎,stores,https://m.media-amazon.com/images/I/71hI288MGDL._AC_UL320_.jpg
124,"L'Oréal Paris Revitalift Serum, Hydrating and Plumping, With 1.5% Hyaluronic Acid, 15ml",stores,https://m.media-amazon.com/images/I/41weqnSL2wL._AC_UL320_.jpg
125,Godrej aer Matic Kit (Machine + 1 Refill) - Automatic Room Fresheners with Flexi Control Spray | Violet Valley Bloom | 220...,home & kitchen,https://m.media-amazon.com/images/I/6121tV2hW9L._AC_UL320_.jpg
126,"Presto! Oxo-Biodegradable Garbage Bags, Large (24 x 32 inches) - 15 bags/roll (Pack of 6, Black)",home & kitchen,https://m.media-amazon.com/images/I/71-2fEBGZDL._AC_UL320_.jpg
127,Happilo 100% Natural Premium 200g Whole Cashews | Whole Crunchy Cashew | Premium Kaju nuts | Nutritious & Delicious | Glut...,home & kitchen,https://m.media-amazon.com/images/I/71tYPz++3+L._AC_UL320_.jpg
128,beatXP Kitchen Scale Multipurpose Portable Electronic Digital Weighing Scale | Weight Machine With Back light LCD Display...,home & kitchen,https://m.media-amazon.com/images/I/61Is7sICRJL._AC_UL320_.jpg
129,"Dettol Antiseptic Liquid for First Aid , Surface Disinfection and Personal Hygiene , 1000ml",home & kitchen,https://m.media-amazon.com/images/I/51fFgtFBshL._AC_UL320_.jpg
130,"Scotch Double Sided Heavy Duty Tape(1m holds 4.5Kgs) for indoor hanging applications (Photo frames, Mirrors, Key Holders, ...",home & kitchen,https://m.media-amazon.com/images/I/815GcGXjjFL._AC_UL320_.jpg
131,"Good knight Gold Flash, Mosquito Repellent Refill | 45ml each (Pack of 4)",home & kitchen,https://m.media-amazon.com/images/I/71LtQCvMu4L._AC_UL320_.jpg
132,"Bajaj DX-6 1000W Dry Iron with Advance Soleplate and Anti-bacterial German Coating Technology, White",home & kitchen,https://m.media-amazon.com/images/I/61qgKaW71mL._AC_UL320_.jpg
133,"Maggi 2-Minute Masala Instant Noodles, 420 grams Pouch",home & kitchen,https://m.media-amazon.com/images/I/71duk+o9d1L._AC_UL320_.jpg
134,STRIFF Adjustable Laptop Tabletop Stand Patented Riser Ventilated Portable Foldable Compatible with MacBook Notebook Table...,home & kitchen,https://m.media-amazon.com/images/I/71Zf9uUp+GL._AC_UL320_.jpg
135,"Scotch-Brite 2-in-1 Bucket Spin Mop (Green, 2 Refills), 4 Pcs",home & kitchen,https://m.media-amazon.com/images/I/613iaMC20FL._AC_UL320_.jpg
136,"Tosaa Dry Fruit Cutter, Slicer, Grinder, Chocolate Cutter and Butter Slicer with 3 in 1 Blade, Almonds, Cashews- Color May...",home & kitchen,https://m.media-amazon.com/images/I/71rOXc3mL9L._AC_UL320_.jpg
137,"Dettol Skincare Moisturizing Bathing Soap Bar With Glycerine (Buy 4 Get 1 Free - 125G Each), Combo Offer On Bath Soap",home & kitchen,https://m.media-amazon.com/images/I/61qpDs+R2UL._AC_UL320_.jpg
138,"Involve Your Senses One Musk Organic Car Perfume Bar, Involve Your Senses Strong Fiber Air Freshener to Freshen'up Your Ca...",home & kitchen,https://m.media-amazon.com/images/I/51vw-wdV-eL._AC_UL320_.jpg
139,"Sunfeast Dark Fantasy Choco Fills, 300g, Original Filled Cookies with Choco Crème",home & kitchen,https://m.media-amazon.com/images/I/81LO0QPqZAL._AC_UL320_.jpg
140,"Recron Certified Dream Fibre Pillow (16X24, Fiber;Microfiber, White, Pack Of 2)",home & kitchen,https://m.media-amazon.com/images/I/61s5qoyJSWL._AC_UL320_.jpg
141,"Dettol Liquid Disinfectant for Floor Cleaner, Surface Disinfection , Personal Hygiene (Lime Fresh , 1L)",home & kitchen,https://m.media-amazon.com/images/I/51Jv36YekBL._AC_UL320_.jpg
142,"Scotch-Brite Rubber Heavy Duty Hand gloves for Dishwashing, gardening, kitchen cleaning ( Inner cotton lining for comfor...",home & kitchen,https://m.media-amazon.com/images/I/61JDg6pGGJL._AC_UL320_.jpg
143,"GM 3060 E-Book 4 + 1 Power Strip 240 Volts with Master Switch, Indicator, Safety Shutter & 4 International sockets, Red & ...",home & kitchen,https://m.media-amazon.com/images/I/519RgXY+lRL._AC_UL320_.jpg
144,"Wakefit Height Adjustable Hollow Fibre Sleeping Pillow with Zip | Set of 2 (White and Grey,  27 x 16 Inches) 3 Months Warr...",home & kitchen,https://m.media-amazon.com/images/I/61y6iRvb-WL._AC_UL320_.jpg
145,"Lexton 40 Feet LED Decorative String Light |for Indoor & Outdoor Decorations (Warm White, Pack of 1), standard (Lex-Strin...",home & kitchen,https://m.media-amazon.com/images/I/71hdanq-b5L._AC_UL320_.jpg
146,"Scotch-Brite No-Dust Broom, Long handle, Easy floor cleaning (Multi-use)",home & kitchen,https://m.media-amazon.com/images/I/611JToXX49L._AC_UL320_.jpg
147,Nivia Storm Football - Size 5,home & kitchen,https://m.media-amazon.com/images/I/61RpRYFb2wL._AC_UL320_.jpg
148,"Scotch-Brite Sponge Wipe, Pack of 5 (Color and Print May Vary)",home & kitchen,https://m.media-amazon.com/images/I/815fA+XGZ3S._AC_UL320_.jpg
149,"Yonex Mavis 200i Nylon Shuttle Cock, Pack of 6 (Yellow)",home & kitchen,https://m.media-amazon.com/images/I/71y8qBTalZL._AC_UL320_.jpg
150,Campus Men's OXYFIT (N) Walking Shoe,sports & fitness,https://m.media-amazon.com/images/W/IMAGERENDERING_521856-T2/images/I/61ePa5fEKnL._AC_UL320_.jpg
151,SPOKOFIT Finger Gripper Strength Trainer Forearm Exerciser Hand Yoga Resistance Band Exerciser Climbing,sports & fitness,https://m.media-amazon.com/images/W/IMAGERENDERING_521856-T2/images/I/61QE6BcCq3L._AC_UL320_.jpg
152,Baggit Women's PEPSI Sling Bag,sports & fitness,https://m.media-amazon.com/images/W/IMAGERENDERING_521856-T2/images/I/51ujEx4nYiL._AC_UL320_.jpg
153,Lista Lista002 Bicycle Silicone Saddle Seat and Cycling Cushion Pad Bike Gel Cover,sports & fitness,https://m.media-amazon.com/images/W/IMAGERENDERING_521856-T2/images/I/51gqOgzMwJS._AC_UL320_.jpg
154,"Amazon Brand - Solimo Pre-Seasoned Cast Iron Dosa Tawa, 12 Inches (30 cm), Black",sports & fitness,https://m.media-amazon.com/images/W/IMAGERENDERING_521856-T2/images/I/81r0JyulzDL._AC_UL320_.jpg
155,"Amazon Brand - Solimo Non Stick Kadhai with Glass Lid (26 cm, Hammertone finish, 3 coat, 2.9mm thickness), Aluminium, Black",sports & fitness,https://m.media-amazon.com/images/W/IMAGERENDERING_521856-T2/images/I/81MzgBfzUhL._AC_UL320_.jpg
156,QUPET Imported Portable High Pressure Foot Air Pump Compressor for Car and Bike Air Pump for Motorbike Cars Bicycle for Fo...,sports & fitness,https://m.media-amazon.com/images/W/IMAGERENDERING_521856-T2/images/I/61AsmkX5nmL._AC_UL320_.jpg
157,"SFANE Polyester 23 cms Navy Blue Gym Bag, Shoulder Bag, Sports Bag for Men & Women with Separate Shoes Compartment (Blue)",sports & fitness,https://m.media-amazon.com/images/W/IMAGERENDERING_521856-T2/images/I/91Ov-x9d3qL._AC_UL320_.jpg
158,"Strauss Bicycle Flash Tail Light with Laser, (Black)",sports & fitness,https://m.media-amazon.com/images/W/IMAGERENDERING_521856-T2/images/I/61j2cEs+tPL._AC_UL320_.jpg
159,"Cockatoo YM100 Yoga Mat For Women & Men, Anti Slip, EVA Material, (4mm-6mm) Exercise Mat For Home Gym |Yoga Mat For Gym Wo...",sports & fitness,https://m.media-amazon.com/images/W/IMAGERENDERING_521856-T2/images/I/71Y5C+puYhL._AC_UL320_.jpg
160,Yonex ZR 100 Light Aluminium Badminton Racquet with Full Cover | Made in India,sports & fitness,https://m.media-amazon.com/images/W/IMAGERENDERING_521856-T2/images/I/71xaU6dfPML._AC_UL320_.jpg
161,"Slovic Pull-Up Bar for Home Workout | Non-Slip Carbon Steel Gym Bar (Load Capacity: 100 Kg) | Adjustable in Length, Mounta...",sports & fitness,https://m.media-amazon.com/images/W/IMAGERENDERING_521856-T2/images/I/61tUNRjrfLL._AC_UL320_.jpg
162,YONEX ZR 100 Light Aluminium Blend Badminton Racquet with Full Cover (Red/Red) - Set of 2,sports & fitness,https://m.media-amazon.com/images/W/IMAGERENDERING_521856-T2/images/I/71jjiWS7jyL._AC_UL320_.jpg
163,House of Quirk 7pcs Set Travel Organizer Packing Cubes Lightweight Travel Luggage Organizers with Laundry Bag or Toiletry ...,sports & fitness,https://m.media-amazon.com/images/W/IMAGERENDERING_521856-T2/images/I/714LC91ZmdL._AC_UL320_.jpg
164,"IRONFIX® Adjustable Hand Grip Exerciser, Hand Grip Strengthener, Wrist Exerciser, Forearm Exerciser, hand gripper (10 to 4...",sports & fitness,https://m.media-amazon.com/images/W/IMAGERENDERING_521856-T2/images/I/316UVorsJGL._AC_UL320_.jpg
165,Fostelo Handbag For Women And Girls | Ladies Purse Faux Leather Satchel Bag | Wedding Gifts For Women | Women 3 Compartmen...,sports & fitness,https://m.media-amazon.com/images/W/IMAGERENDERING_521856-T2/images/I/71fZ4nCbKvL._AC_UL320_.jpg
166,"GoTrippin Waist Bags for Men Women- Premium Stitching, Branded Zippers, Waterproof pocket, RFID safe- Large Fanny pack for...",sports & fitness,https://m.media-amazon.com/images/W/IMAGERENDERING_521856-T2/images/I/71J9MgFBrlL._AC_UL320_.jpg
167,Volatility Russia Hand Stich Football Size-05 (2022 New Multicolour),sports & fitness,https://m.media-amazon.com/images/W/IMAGERENDERING_521856-T2/images/I/61RvKZZKQUL._AC_UL320_.jpg
168,SLOVIC Anti-Fog Swimming Goggle | Universal Fit | Leak-Proof | Easy to Adjust Push-Button Straps | Padded Frames & Anti-Sh...,sports & fitness,https://m.media-amazon.com/images/W/IMAGERENDERING_521856-T2/images/I/81lf3AthkyL._AC_UL320_.jpg
169,FitBox Sports 8kg Exlusive Octa PVC Dumbbells (4kg x 2) Black,sports & fitness,https://m.media-amazon.com/images/W/IMAGERENDERING_521856-T2/images/I/51WynL9B8DL._AC_UL320_.jpg
170,"Cosco Light Cricket Tennis Ball (Pack of 6) Outer Material: Rubber, Color: Green, Standard Size",sports & fitness,https://m.media-amazon.com/images/W/IMAGERENDERING_521856-T2/images/I/71QtQyiWYJL._AC_UL320_.jpg
171,Boldfit Yoga Belt for Women and Men - Yoga Strap for Stretching with Extra Safe Adjustable D-Ring Buckle - Durable and Com...,sports & fitness,https://m.media-amazon.com/images/W/IMAGERENDERING_521856-T2/images/I/71huWu51SyL._AC_UL320_.jpg
172,"Amazon Brand - Solimo Plastic Storage Containers With Metal Finish Lids- 15 pieces, Silver",sports & fitness,https://m.media-amazon.com/images/W/IMAGERENDERING_521856-T2/images/I/91Hffht29zL._AC_UL320_.jpg
173,"Fashnex Resistance Bands Set for Exercise, Stretching and Workout Toning Tube Kit with Foam Handles, Door Anchor, Ankle St...",sports & fitness,https://m.media-amazon.com/images/W/IMAGERENDERING_521856-T2/images/I/71MobOdXOzL._AC_UL320_.jpg
174,"Astroghar Mini Hand Tally Counter Finger Ring Digital Electronic Head Count,Japa Counter Mini Hand Tally Counter Finger Ri...",sports & fitness,https://m.media-amazon.com/images/I/61rXpMc4c8L._AC_UL320_.jpg
175,"DURACELL 36 Watts Fast Wall Charger Adapter, Type C Power Delivery & QC 3.0 USB Charger Fast Charging Compatible with iPho...",toys & baby products,https://m.media-amazon.com/images/I/51tS-cfYoXL._AC_UL320_.jpg
176,DearJoy Big Fibre Filled Baby Pillow and Stuffed Animal Elephant Soft Toy of Plush Hugging Pillow Material for Kids Boy/Gi...,toys & baby products,https://m.media-amazon.com/images/I/71XB26V+weL._AC_UL320_.jpg
177,"Centy Toys Plastic Pull Back Auto Rickshaw, Number Of Pieces: 1, Multicolour",toys & baby products,https://m.media-amazon.com/images/I/51uB7i1cw+L._AC_UL320_.jpg
178,"Skillmatics Board Game - Rapid Rumble, Educational and Clever Category Game, Games for Kids, Teens & Adults",toys & baby products,https://m.media-amazon.com/images/I/71wSRIuoKPL._AC_UL320_.jpg
179,Harry Potter 1–3 Box Set: A Magical Adventure Begins,toys & baby products,https://m.media-amazon.com/images/I/8179uEK+gcL._AC_UL320_.jpg
180,"zest 4 toyz Globe for Kids, Stem Steam Educational World Globe with Magnifying Glass for Kids/Political Globe/Office Glob...",toys & baby products,https://m.media-amazon.com/images/I/91czD7X8hvL._AC_UL320_.jpg
181,"Aashirvaad Nature's Super Foods Organic Arhar/Tur Dal Pouch, 500 g",toys & baby products,https://m.media-amazon.com/images/I/81w70rw+zeL._AC_UL320_.jpg
182,"Drawing Book A4 Size Approx | Plain Sketch Pad for Kids, Students & Artists | 34 White Blank Unruled Pages | 29.5 x 21 cm...",toys & baby products,https://m.media-amazon.com/images/I/71pPoltmRuL._AC_UL320_.jpg
183,"pTron Volta 12W Fast Charging USB Wall Charger with 1m Micro USB Cable, Made in India, BIS Certified Single Port USB Wall ...",toys & baby products,https://m.media-amazon.com/images/I/51gz0Mjm5qL._AC_UL320_.jpg
184,Cubelelo QiYi QiDi S 2x2 Stickerless Speedcube Puzzle for Kids & Adults Magic Speedy Stress Buster Brainstorming Puzzle Cu...,toys & baby products,https://m.media-amazon.com/images/I/610yCtxYZSL._AC_UL320_.jpg
185,"VGRASSP Handheld Video Game Console, Retro Mini Game with 400 Classic Sup Game TV Compatible for Kids, Rechargeable 8 Bit ...",toys & baby products,https://m.media-amazon.com/images/I/51qC3djhLQL._AC_UL320_.jpg
186,"Funskool Fundough - Mini Fun Pack ,Shaping and Sculpting , 3years + ,6 Pieces Multi-Colour",toys & baby products,https://m.media-amazon.com/images/I/810Fq4SBigL._AC_UL320_.jpg
187,Cr18 Collection 2 In 1 Baby Horse Rider And Rocker For Kids Age 1-5 Years (Multicolour),toys & baby products,https://m.media-amazon.com/images/I/61yYEoqdFHS._AC_UL320_.jpg
188,Smartivity Telescope STEM DIY Toys for Kids 8 to 14 Years | Measure Hight & Distance | Best Birthday Gifts for Boys & Girl...,toys & baby products,https://m.media-amazon.com/images/I/91w2ndhA8iL._AC_UL320_.jpg
189,Cubelelo Drift 3x3 (Mirror Silver) Stickerless Magic Speed Cube for Kids & Adults Speedy Stress Buster Brainstorming Puzzle,toys & baby products,https://m.media-amazon.com/images/I/518rnJvD3LL._AC_UL320_.jpg
190,"Toy Gun with Jump Ejectinging Magazine, Soft Bullets, Pistol Toys forBirthday Boy Foam Blaster Soft Bullet Play Gun with 1...",toys & baby products,https://m.media-amazon.com/images/I/41W7+pBwbNL._AC_UL320_.jpg
191,SEAHELTON Flash Cards for Kids Talking English Words Flash Cards Preschool Electronic Reading Early Talking Flashcards Toy...,toys & baby products,https://m.media-amazon.com/images/I/715iQNZXRlL._AC_UL320_.jpg
192,Happiesta Toys Talking Cactus Baby Toys for Kids Dancing Cactus Toys Can Sing Wriggle & Singing Recording Repeat What You ...,toys & baby products,https://m.media-amazon.com/images/I/51Dd8Lg+yxL._AC_UL320_.jpg
193,Toys Talking Cactus Baby Toys for Kids Dancing Cactus Toys Can Sing Wriggle & Singing Recording Repeat What You Say Funny ...,toys & baby products,https://m.media-amazon.com/images/I/71iw8zpmZ7L._AC_UL320_.jpg
194,VARIETY CANVAS 50 Sheet A5 Sketchbook Set | Top Spiral-Bound Sketchpad for Artists | Sketching and Drawing Acid Free Pape...,toys & baby products,https://m.media-amazon.com/images/I/61GgvV5RpCL._AC_UL320_.jpg
195,Qubo Mini UPS Plus from Hero Group | Uninterrupted Power Backup for WiFi Routers | Upto 4 Hours Power Backup | Voltage Reg...,toys & baby products,https://m.media-amazon.com/images/I/31SY+CJmRNL._AC_UL320_.jpg
196,Leafy Tales Set of 3 – Iron Indoor/Outdoor Flower Pot/Plant Stand for Home Garden Balcony Living Room Decor (Black-Set of 3),toys & baby products,https://m.media-amazon.com/images/I/71ZH27lngQL._AC_UL320_.jpg
197,Homecute Hut Theme Kids Toys Jumbo Size Play Tent House for Boys and Girls (Pink),toys & baby products,https://m.media-amazon.com/images/I/91G4YQaILaL._AC_UL320_.jpg
198,"ESnipe Mart Multi Functional Pencil Box for Kids, Space Pencil Box for Boys, Kids Pencil Box for Boys & Girls, Magnetic Pe...",toys & baby products,https://m.media-amazon.com/images/I/713lC8nfmQL._AC_UL320_.jpg
199,"Prime Basketball Set for Kids Toy, Basketball Set for Kids with Stand and Ball, Kids Boy Toys for Gifting On Birthday Pack...",toys & baby products,https://m.media-amazon.com/images/W/IMAGERENDERING_521856-T1/images/I/71uHs46gqkL._AC_UL320_.jpg
200,Fastrack Reflex Play|1.3” AMOLED Display Smart Watch with AOD|Premium Metallic Body|Animated Watchfaces|in-Built Games|BP...,accessories,https://m.media-amazon.com/images/W/IMAGERENDERING_521856-T1/images/I/71MXBWGALUL._AC_UL320_.jpg
201,"Fossil Gen 5E Smartwatch with AMOLED Screen, Wear OS by Google, Built-in Speaker for Phone Calls, Google Assistant, SpO2, ...",accessories,https://m.media-amazon.com/images/W/IMAGERENDERING_521856-T1/images/I/81gU0NVV5WL._AC_UL320_.jpg
202,Fossil Analog Rose Gold Dial Women's Watch-BQ3181,accessories,https://m.media-amazon.com/images/W/IMAGERENDERING_521856-T1/images/I/611I0f+I+MS._AC_UL320_.jpg
203,LOUIS DEVIN LD-L144-BLU-CH Mesh Steel Chain Analog Wrist Watch for Women,accessories,https://m.media-amazon.com/images/W/IMAGERENDERING_521856-T1/images/I/81jnv+iz+ZL._AC_UL320_.jpg
204,IMPERIOUS - THE ROYAL WAY Analogue Women's Watch (Black Dial),accessories,https://m.media-amazon.com/images/W/IMAGERENDERING_521856-T1/images/I/51LTJjshaIL._AC_UL320_.jpg
205,Fossil Gwen Analogue Women's Watch(Rose Gold Dial Womens Standard Colored Strap)-ES4879,accessories,https://m.media-amazon.com/images/W/IMAGERENDERING_521856-T1/images/I/81-uDhNwXZL._AC_UL320_.jpg
206,Fossil Tillie Mini Analog Multicolor Dial Women's Watch-BQ3502,accessories,https://m.media-amazon.com/images/W/IMAGERENDERING_521856-T1/images/I/51sxKFEEUJL._AC_UL320_.jpg
207,Titan Raga Viva Analog Rose Gold Dial Women's Watch-NL2608WM01,accessories,https://m.media-amazon.com/images/W/IMAGERENDERING_521856-T1/images/I/71pVJzxnrTL._AC_UL320_.jpg
208,"Fastrack Analog Dial Women's Watch (Pink, 6150SM04)-NM6150SM04 / NL6150SM04/NP6150SM04",accessories,https://m.media-amazon.com/images/W/IMAGERENDERING_521856-T1/images/I/71S8hn6xv4L._AC_UL320_.jpg
209,STYLEDOSE Branded Analogue Black Dial Magnet Watch With Gift Bracelet For Women Or Girls And Watch For Girl Or Women (Comb...,accessories,https://m.media-amazon.com/images/W/IMAGERENDERING_521856-T1/images/I/91zvsjtEEDL._AC_UL320_.jpg
210,Fastrack Reflex Play +|BT Calling|1.3” AMOLED Display Smartwatch with AOD|Premium Metallic Body|AI Voice Assistant|In-Buil...,accessories,https://m.media-amazon.com/images/W/IMAGERENDERING_521856-T1/images/I/616P6+nn-rL._AC_UL320_.jpg
211,Titan Karishma Revive Analog Silver Dial Women's Watch-NL2594BM01,accessories,https://m.media-amazon.com/images/W/IMAGERENDERING_521856-T1/images/I/617cYEKOE9L._AC_UL320_.jpg
212,Titan Karishma Revive Analog Champagne Dial Women's Watch-NL2594YM01,accessories,https://m.media-amazon.com/images/W/IMAGERENDERING_521856-T1/images/I/61M-iMX3f9L._AC_UL320_.jpg
213,SWISSTONE Analog Women's Watch (Pink Dial Silver Colored Strap),accessories,https://m.media-amazon.com/images/W/IMAGERENDERING_521856-T1/images/I/817iC5Eq49L._AC_UL320_.jpg
214,Acnos Girl's Special Quality Different Heart Shape Bangle Analog Watch with Rose Gold Bracelet - Pack of 2,accessories,https://m.media-amazon.com/images/W/IMAGERENDERING_521856-T1/images/I/81vriFi1PoL._AC_UL320_.jpg
215,Joker & Witch Nebula Black Big Dial Rosegold Analog Watch for Women,accessories,https://m.media-amazon.com/images/W/IMAGERENDERING_521856-T1/images/I/61UTf1uvl9L._AC_UL320_.jpg
216,Daniel Klein Analog Silver Dial Women's Watch-DK11956-3,accessories,https://m.media-amazon.com/images/W/IMAGERENDERING_521856-T1/images/I/715rdF2R1wL._AC_UL320_.jpg
217,Titan Neo Analog Grey Dial Women's Watch-2648WL01,accessories,https://m.media-amazon.com/images/W/IMAGERENDERING_521856-T1/images/I/616LuWzn7bL._AC_UL320_.jpg
218,TIMEX Analog Women's Watch (Dial Colored Strap),accessories,https://m.media-amazon.com/images/W/IMAGERENDERING_521856-T1/images/I/71Yl+kTwWwL._AC_UL320_.jpg
219,SWADESI STUFF Cute Cartoon Multi Color Lights Rubber Strap Analog Watch for Girls,accessories,https://m.media-amazon.com/images/W/IMAGERENDERING_521856-T1/images/I/71g3MJ4igiL._AC_UL320_.jpg
220,Titan Ladies Neo Economy Analog White Dial Women's Watch 2639SL04/NN2639SL04/NP2639SL04,accessories,https://m.media-amazon.com/images/W/IMAGERENDERING_521856-T1/images/I/716AYwyVuYL._AC_UL320_.jpg
221,TIMEX Classics Analog White Dial Women's Watch-B300,accessories,https://m.media-amazon.com/images/W/IMAGERENDERING_521856-T1/images/I/61KcsQohF2L._AC_UL320_.jpg
222,TIMEX Analog Gold Dial Women's Watch-TW000Q810,accessories,https://m.media-amazon.com/images/W/IMAGERENDERING_521856-T1/images/I/71Gj-PAtAmL._AC_UL320_.jpg
223,NIBOSI Women Watches Analog Rose Gold Square Dial Women's Watch for Girls&Miss&Ladies Diamond Studded with Stylish Watches...,accessories,https://m.media-amazon.com/images/W/IMAGERENDERING_521856-T1/images/I/61xuL9-N-nL._AC_UL320_.jpg
224,Fastrack Hip Hop Analog White Dial Women's Watch-NL9827PP01/NP9827PP01,accessories,https://m.media-amazon.com/images/W/IMAGERENDERING_521856-T1/images/I/71crjcEFYSL._AC_UL320_.jpg
